Tip_Label	Accession	taxID	Scientific_Name	superkingdom	phylum	class	order	family	genus	species_group	species
GB_GCA_002167435.2	GCA_002167435.2	1986608	Muricauda sp. TMED12	2	976	117743	200644	49546	111500		1986608
GB_GCA_002699205.1	GCA_002699205.1	192149	Muricauda sp.	2	976	117743	200644	49546	111500		192149
GB_GCA_013911645.1	GCA_013911645.1	192149	Muricauda sp.	2	976	117743	200644	49546	111500		192149
GB_GCA_003712125.1	GCA_003712125.1	192149	Muricauda sp.	2	976	117743	200644	49546	111500		192149
RS_GCF_010468565.1	GCF_010468565.1	2683200	Muricauda sp. TY007	2	976	117743	200644	49546	111500		2683200
RS_GCF_000224085.1	GCF_000224085.1	886377	Muricauda ruestringensis DSM 13258	2	976	117743	200644	49546	111500		111501
RS_GCF_003057865.1	GCF_003057865.1	2162892	Muricauda brasiliensis	2	976	117743	200644	49546	111500		2162892
RS_GCF_011068285.1	GCF_011068285.1	2698672	Muricauda oceani	2	976	117743	200644	49546	111500		2698672
RS_GCF_003992675.1	GCF_003992675.1	254955	Muricauda aquimarina	2	976	117743	200644	49546	111500		254955
RS_GCF_013407935.1	GCF_013407935.1	2663843	Muricauda sp. ARW1Y1	2	976	117743	200644	49546	111500		2663843
RS_GCF_003584135.1	GCF_003584135.1	2306998	Muricauda maritima	2	976	117743	200644	49546	111500		2306998
RS_GCF_003584165.1	GCF_003584165.1	2306997	Muricauda aequoris	2	976	117743	200644	49546	111500		2306997
RS_GCF_003992615.1	GCF_003992615.1	864064	Muricauda beolgyonensis	2	976	117743	200644	49546	111500		864064
RS_GCF_003584105.1	GCF_003584105.1	1005926	Muricauda taeanensis	2	976	117743	200644	49546	111500		1005926
RS_GCF_007785775.2	GCF_007785775.2	2597517	Muricauda sp. MT-229	2	976	117743	200644	49546	111500		2597517
RS_GCF_009184425.1	GCF_009184425.1	552546	Muricauda olearia	2	976	117743	200644	49546	111500		552546
RS_GCF_004916895.1	GCF_004916895.1	2530200	Muricauda alvinocaridis	2	976	117743	200644	49546	111500		2530200
RS_GCF_000745185.1	GCF_000745185.1	1250232	Muricauda sp. MAR_2010_75	2	976	117743	200644	49546	111500		1250232
RS_GCF_001683915.1	GCF_001683915.1	1848189	Muricauda sp. CP2A	2	976	117743	200644	49546	111500		1848189
RS_GCF_003382275.1	GCF_003382275.1	2292706	Muricauda nanhaiensis	2	976	117743	200644	49546	111500		2292706
RS_GCF_013090115.1	GCF_013090115.1	2735167	Muricauda amphidinii	2	976	117743	200644	49546	111500		2735167
RS_GCF_010993855.1	GCF_010993855.1	2654676	Flagellimonas sp. CMM7	2	976	117743	200644	49546	444459		2654676
RS_GCF_001413955.1	GCF_001413955.1	346185	Muricauda eckloniae	2	976	117743	200644	49546	111500		346185
RS_GCF_003269425.1	GCF_003269425.1	1383885	Flagellimonas maritima	2	976	117743	200644	49546	444459		1383885
RS_GCF_010993815.1	GCF_010993815.1	2654675	Flagellimonas sp. HSM57	2	976	117743	200644	49546	444459		2654675
RS_GCF_005937185.1	GCF_005937185.1	2583815	Flagellimonas algicola	2	976	117743	200644	49546	444459		2583815
RS_GCF_900129665.1	GCF_900129665.1	570519	Muricauda flava	2	976	117743	200644	49546	111500		570519
RS_GCF_004804315.1	GCF_004804315.1	2562684	Flagellimonas sp. XY-359	2	976	117743	200644	49546	444459		2562684
RS_GCF_003001695.1	GCF_003001695.1	1080225	Muricauda pacifica	2	976	117743	200644	49546	111500		1080225
RS_GCF_004296335.1	GCF_004296335.1	2517819	Muricauda sp. 176CP4-71	2	976	117743	200644	49546	111500		2517819
RS_GCF_002072105.2	GCF_002072105.2	1929488	Croceivirga radicis	2	976	117743	200644	49546	2039220		1929488
RS_GCF_014235875.1	GCF_014235875.1	1775167	Croceivirga lutea	2	976	117743	200644	49546	2039220		1775167
GB_GCA_013001145.1	GCA_013001145.1	1912138	Croceitalea sp.	2	976	117743	200644	49546	574891		1912138
RS_GCF_000963865.1	GCF_000963865.1	516051	Muricauda lutaonensis	2	976	117743	200644	49546	111500		516051
RS_GCF_000024125.1	GCF_000024125.1	313596	Robiginitalea biformata HTCC2501	2	976	117743	200644	49546	252306		252307
RS_GCF_014243345.1	GCF_014243345.1	2762332	Robiginitalea sp. SC105	2	976	117743	200644	49546	252306		2762332
GB_GCA_006227965.1	GCA_006227965.1	1898104	Bacteroidetes bacterium	2	976						1898104
GB_GCA_003045935.1	GCA_003045935.1	1898104	Bacteroidetes bacterium	2	976						1898104
RS_GCF_002198115.1	GCF_002198115.1	1982593	Robiginitalea sediminis	2	976	117743	200644	49546	252306		1982593
RS_GCF_900115205.1	GCF_900115205.1	400055	Robiginitalea myxolifaciens	2	976	117743	200644	49546	252306		400055
RS_GCF_002514735.1	GCF_002514735.1	319238	Sediminicola luteus	2	976	117743	200644	49546	389486		319238
GB_GCA_002691645.1	GCA_002691645.1	1871037	Flavobacteriaceae bacterium	2	976	117743	200644	49546			1871037
GB_GCA_002691685.1	GCA_002691685.1	1871037	Flavobacteriaceae bacterium	2	976	117743	200644	49546			1871037
GB_GCA_009926065.1	GCA_009926065.1	1871037	Flavobacteriaceae bacterium	2	976	117743	200644	49546			1871037
GB_GCA_009693635.1	GCA_009693635.1	1871037	Flavobacteriaceae bacterium	2	976	117743	200644	49546			1871037
GB_GCA_003963025.1	GCA_003963025.1	1871037	Flavobacteriaceae bacterium	2	976	117743	200644	49546			1871037
GB_GCA_002862755.1	GCA_002862755.1	1871037	Flavobacteriaceae bacterium	2	976	117743	200644	49546			1871037
GB_GCA_013373105.1	GCA_013373105.1	1871037	Flavobacteriaceae bacterium	2	976	117743	200644	49546			1871037
GB_GCA_011525015.1	GCA_011525015.1	2021391	Flavobacteriales bacterium	2	976	117743	200644				2021391
GB_GCA_002737105.1	GCA_002737105.1	2021391	Flavobacteriales bacterium	2	976	117743	200644				2021391
GB_GCA_002381155.1	GCA_002381155.1	1951830	Flavobacteriaceae bacterium UBA3478	2	976	117743	200644	49546			1951830
GB_GCA_002378585.1	GCA_002378585.1	1951829	Flavobacteriaceae bacterium UBA3440	2	976	117743	200644	49546			1951829
RS_GCF_002209445.1	GCF_002209445.1	2708117	Capnocytophaga endodontalis	2	976	117743	200644	49546	1016		2708117
RS_GCF_900446695.1	GCF_900446695.1	1019	Capnocytophaga sputigena	2	976	117743	200644	49546	1016		1019
RS_GCF_000023285.1	GCF_000023285.1	521097	Capnocytophaga ochracea DSM 7271	2	976	117743	200644	49546	1016		1018
RS_GCF_002999135.1	GCF_002999135.1	1316596	Capnocytophaga sp. oral taxon 878	2	976	117743	200644	49546	1016		1316596
RS_GCF_003054025.1	GCF_003054025.1	327575	Capnocytophaga leadbetteri	2	976	117743	200644	49546	1016		327575
RS_GCF_000318275.2	GCF_000318275.2	1127692	Capnocytophaga sp. oral taxon 332 str. F0381	2	976	117743	200644	49546	1016		712213
RS_GCF_001553545.1	GCF_001553545.1	45243	Capnocytophaga haemolytica	2	976	117743	200644	49546	1016		45243
RS_GCF_009684755.1	GCF_009684755.1	2267611	Capnocytophaga felis	2	976	117743	200644	49546	1016		2267611
RS_GCF_000827555.1	GCF_000827555.1	1848903	Capnocytophaga canis	2	976	117743	200644	49546	1016		1848903
RS_GCF_002302565.1	GCF_002302565.1	28188	Capnocytophaga canimorsus	2	976	117743	200644	49546	1016		28188
RS_GCF_000411115.1	GCF_000411115.1	641143	Capnocytophaga granulosa ATCC 51502	2	976	117743	200644	49546	1016		45242
RS_GCF_000466425.1	GCF_000466425.1	1227266	Capnocytophaga sp. oral taxon 863 str. F0517	2	976	117743	200644	49546	1016		1227265
RS_GCF_000174755.1	GCF_000174755.1	553178	Capnocytophaga gingivalis ATCC 33624	2	976	117743	200644	49546	1016		1017
RS_GCF_000260835.1	GCF_000260835.1	946077	Imtechella halotolerans K1	2	976	117743	200644	49546	1165076		1165090
RS_GCF_900116665.1	GCF_900116665.1	1224947	Pustulibacterium marinum	2	976	117743	200644	49546	1649485		1224947
RS_GCF_003725735.1	GCF_003725735.1	1084421	Sinomicrobium pectinilyticum	2	976	117743	200644	49546	1434045		1084421
RS_GCF_900119185.1	GCF_900119185.1	1150368	Sinomicrobium oceani	2	976	117743	200644	49546	1434045		1150368
RS_GCF_003285545.1	GCF_003285545.1	2219864	Sinomicrobium sp. N-1-3-6	2	976	117743	200644	49546	1434045		2219864
RS_GCF_000260115.1	GCF_000260115.1	926559	Joostella marina DSM 19592	2	976	117743	200644	49546	453850		453852
RS_GCF_000300875.1	GCF_000300875.1	555500	Galbibacter marinus	2	976	117743	200644	49546	379068		555500
RS_GCF_004799345.1	GCF_004799345.1	1227945	Robertkochia marina	2	976	117743	200644	49546	1649489		1227945
RS_GCF_007279655.1	GCF_007279655.1	2213046	Robertkochia solimangrovi	2	976	117743	200644	49546	1649489		2213046
RS_GCF_009901575.1	GCF_009901575.1	2697054	Flavobacteriaceae bacterium R38	2	976	117743	200644	49546			2697054
RS_GCF_010671605.1	GCF_010671605.1	472055	Leptobacterium flavescens	2	976	117743	200644	49546	472054		472055
RS_GCF_009826975.1	GCF_009826975.1	2692212	Flavobacterium sp. HBTb2-11-1	2	976	117743	200644	49546	237		2692212
RS_GCF_900101855.1	GCF_900101855.1	459526	Flavobacterium anhuiense	2	976	117743	200644	49546	237		459526
RS_GCF_902167265.1	GCF_902167265.1	459526	Flavobacterium anhuiense	2	976	117743	200644	49546	237		459526
RS_GCF_003254545.1	GCF_003254545.1	1685414	Flavobacterium tistrianum	2	976	117743	200644	49546	237		1685414
RS_GCF_003254565.1	GCF_003254565.1	1617283	Flavobacterium nitrogenifigens	2	976	117743	200644	49546	237		1617283
RS_GCF_003122385.1	GCF_003122385.1	2183896	Flavobacterium crocinum	2	976	117743	200644	49546	237		2183896
RS_GCF_013393195.1	GCF_013393195.1	1114861	Flavobacterium collinsii	2	976	117743	200644	49546	237		1114861
RS_GCF_902804485.1	GCF_902804485.1	1114861	Flavobacterium collinsii	2	976	117743	200644	49546	237		1114861
RS_GCF_900112575.1	GCF_900112575.1	739143	Flavobacterium phragmitis	2	976	117743	200644	49546	237		739143
RS_GCF_014207905.1	GCF_014207905.1	1478199	Flavobacterium notoginsengisoli	2	976	117743	200644	49546	237		1478199
RS_GCF_013388355.1	GCF_013388355.1	2614441	Flavobacterium sp. LPB0248	2	976	117743	200644	49546	237		2614441
RS_GCF_002303885.1	GCF_002303885.1	1975676	Flavobacterium sp. ACN2	2	976	117743	200644	49546	237		1975676
RS_GCF_003946915.1	GCF_003946915.1	2488790	Flavobacterium ustbae	2	976	117743	200644	49546	237		2488790
RS_GCF_003254625.1	GCF_003254625.1	687844	Flavobacterium ginsenosidimutans	2	976	117743	200644	49546	237		687844
RS_GCF_001429295.1	GCF_001429295.1	1736610	Flavobacterium sp. Root935	2	976	117743	200644	49546	237		1736610
RS_GCF_003312915.1	GCF_003312915.1	2249356	Flavobacterium fluviale	2	976	117743	200644	49546	237		2249356
RS_GCF_002304005.1	GCF_002304005.1	1920426	Flavobacterium sp. ACN6	2	976	117743	200644	49546	237		1920426
RS_GCF_000745775.1	GCF_000745775.1	1506583	Flavobacterium sp. ASV13	2	976	117743	200644	49546	237		1506583
RS_GCF_003385895.1	GCF_003385895.1	1265740	Flavobacterium cutihirudinis	2	976	117743	200644	49546	237		1265740
RS_GCF_004362055.1	GCF_004362055.1	2512115	Flavobacterium sp. 245	2	976	117743	200644	49546	237		2512115
RS_GCF_009711135.1	GCF_009711135.1	2675876	Flavobacterium sp. LC2016-01	2	976	117743	200644	49546	237		2675876
RS_GCF_007341385.1	GCF_007341385.1	1393049	Flavobacterium daemonense	2	976	117743	200644	49546	237		1393049
RS_GCF_010645065.1	GCF_010645065.1	1862387	Flavobacterium fluviatile	2	976	117743	200644	49546	237		1862387
RS_GCF_010645075.1	GCF_010645075.1	2045105	Flavobacterium limi	2	976	117743	200644	49546	237		2045105
RS_GCF_010614725.1	GCF_010614725.1	2692318	Flavobacterium ajazii	2	976	117743	200644	49546	237		2692318
RS_GCF_004634245.1	GCF_004634245.1	2026681	Flavobacterium foetidum	2	976	117743	200644	49546	237		2026681
RS_GCF_900129555.1	GCF_900129555.1	370979	Flavobacterium defluvii	2	976	117743	200644	49546	237		370979
RS_GCF_001429765.1	GCF_001429765.1	1736605	Flavobacterium sp. Root901	2	976	117743	200644	49546	237		1736605
RS_GCF_000016645.1	GCF_000016645.1	376686	Flavobacterium johnsoniae UW101	2	976	117743	200644	49546	237		986
RS_GCF_001879205.1	GCF_001879205.1	986	Flavobacterium johnsoniae	2	976	117743	200644	49546	237		986
RS_GCF_001602525.1	GCF_001602525.1	946677	Flavobacterium chilense	2	976	117743	200644	49546	237		946677
RS_GCF_002217355.1	GCF_002217355.1	728056	Flavobacterium oncorhynchi	2	976	117743	200644	49546	237		728056
RS_GCF_002217395.1	GCF_002217395.1	1114867	Flavobacterium plurextorum	2	976	117743	200644	49546	237		1114867
RS_GCF_002210235.1	GCF_002210235.1	1699509	Flavobacterium sp. NLM	2	976	117743	200644	49546	237		1699509
RS_GCF_900129795.1	GCF_900129795.1	1882758	Flavobacterium sp. CF108	2	976	117743	200644	49546	237		1882758
GB_GCA_002482975.1	GCA_002482975.1	1946559	Flavobacterium sp. UBA7680	2	976	117743	200644	49546	237		1946559
RS_GCF_001428525.1	GCF_001428525.1	1736485	Flavobacterium sp. Root186	2	976	117743	200644	49546	237		1736485
RS_GCF_002217435.1	GCF_002217435.1	362418	Flavobacterium reichenbachii	2	976	117743	200644	49546	237		362418
RS_GCF_003105115.1	GCF_003105115.1	2170732	Flavobacterium sp. HTF	2	976	117743	200644	49546	237		2170732
RS_GCF_004368785.1	GCF_004368785.1	2512114	Flavobacterium sp. 270	2	976	117743	200644	49546	237		2512114
RS_GCF_009711165.1	GCF_009711165.1	2676308	Flavobacterium sp. MC2016-06	2	976	117743	200644	49546	237		2676308
RS_GCF_003996965.1	GCF_003996965.1	2133766	Flavobacterium cupreum	2	976	117743	200644	49546	237		2133766
RS_GCF_009674775.1	GCF_009674775.1	2666330	Flavobacterium sp. LC2016-23	2	976	117743	200644	49546	237		2666330
RS_GCF_004345565.1	GCF_004345565.1	2133765	Flavobacterium circumlabens	2	976	117743	200644	49546	237		2133765
RS_GCF_001027725.1	GCF_001027725.1	1423322	Flavobacterium sp. ABG	2	976	117743	200644	49546	237		1423322
RS_GCF_001404985.1	GCF_001404985.1	362413	Flavobacterium aquidurense	2	976	117743	200644	49546	237		362413
GB_GCA_900107365.1	GCA_900107365.1	362413	Flavobacterium aquidurense	2	976	117743	200644	49546	237		362413
RS_GCF_001975985.1	GCF_001975985.1	1937528	[Flexibacter] sp. ATCC 35103	2	976	117743	200644	49546	237		1937528
RS_GCF_001422725.1	GCF_001422725.1	1736238	Flavobacterium sp. Leaf82	2	976	117743	200644	49546	237		1736238
RS_GCF_001686925.1	GCF_001686925.1	1114874	Flavobacterium piscis	2	976	117743	200644	49546	237		1114874
GB_GCA_900129595.1	GCA_900129595.1	262320	Flavobacterium frigidimaris	2	976	117743	200644	49546	237		262320
RS_GCF_902804475.1	GCF_902804475.1	2704140	Flavobacterium bizetiae	2	976	117743	200644	49546	237		2704140
RS_GCF_000832125.1	GCF_000832125.1	37752	Flavobacterium hibernum	2	976	117743	200644	49546	237		37752
RS_GCF_003217415.1	GCF_003217415.1	2135763	Flavobacterium sp. GV069	2	976	117743	200644	49546	237		2135763
RS_GCF_006438875.1	GCF_006438875.1	29533	Flavobacterium pectinovorum	2	976	117743	200644	49546	237		29533
RS_GCF_900142715.1	GCF_900142715.1	29533	Flavobacterium pectinovorum	2	976	117743	200644	49546	237		29533
RS_GCF_000426145.1	GCF_000426145.1	1298868	Flavobacterium sp. URHB0058	2	976	117743	200644	49546	237		1298868
RS_GCF_900142735.1	GCF_900142735.1	29534	Flavobacterium saccharophilum	2	976	117743	200644	49546	237		29534
RS_GCF_001427905.1	GCF_001427905.1	1736533	Flavobacterium sp. Root420	2	976	117743	200644	49546	237		1736533
RS_GCF_000708595.2	GCF_000708595.2	1270193	Flavobacterium sp. KJJ	2	976	117743	200644	49546	237		1270193
RS_GCF_001507425.1	GCF_001507425.1	1742859	Flavobacteriaceae bacterium CRH	2	976	117743	200644	49546			1742859
RS_GCF_009707955.1	GCF_009707955.1	2675875	Flavobacterium sp. LC2016-13	2	976	117743	200644	49546	237		2675875
RS_GCF_004362015.1	GCF_004362015.1	2512113	Flavobacterium sp. P3160	2	976	117743	200644	49546	237		2512113
RS_GCF_003688345.1	GCF_003688345.1	2135764	Flavobacterium sp. GV029	2	976	117743	200644	49546	237		2135764
RS_GCF_003202405.1	GCF_003202405.1	2211445	Flavobacterium hydrophilum	2	976	117743	200644	49546	237		2211445
RS_GCF_000735715.2	GCF_000735715.2	1453505	Flavobacterium chungangense LMG 26729	2	976	117743	200644	49546	237		554283
RS_GCF_009789235.1	GCF_009789235.1	2683249	Flavobacterium hydrocarbonoxydans	2	976	117743	200644	49546	237		2683249
RS_GCF_000737695.1	GCF_000737695.1	991	Flavobacterium hydatis	2	976	117743	200644	49546	237		991
RS_GCF_003668995.1	GCF_003668995.1	2478552	Flavobacterium sp. 140616W15	2	976	117743	200644	49546	237		2478552
RS_GCF_001529295.1	GCF_001529295.1	1729581	Flavobacterium sp. TAB 87	2	976	117743	200644	49546	237		1729581
RS_GCF_003312425.1	GCF_003312425.1	249351	Flavobacterium psychrolimnae	2	976	117743	200644	49546	237		249351
RS_GCF_003314435.2	GCF_003314435.2	2259594	Flavobacterium petrolei	2	976	117743	200644	49546	237		2259594
RS_GCF_003634755.1	GCF_003634755.1	180441	Flavobacterium limicola	2	976	117743	200644	49546	237		180441
RS_GCF_900110375.1	GCF_900110375.1	604089	Flavobacterium sinopsychrotolerans	2	976	117743	200644	49546	237		604089
RS_GCF_004349085.1	GCF_004349085.1	2541732	Flavobacterium caseinilyticum	2	976	117743	200644	49546	237		2541732
RS_GCF_900112975.1	GCF_900112975.1	935223	Flavobacterium xueshanense	2	976	117743	200644	49546	237		935223
RS_GCF_900142695.1	GCF_900142695.1	69322	Flavobacterium xanthum	2	976	117743	200644	49546	237		69322
RS_GCF_004349135.1	GCF_004349135.1	2541733	Flavobacterium sandaracinum	2	976	117743	200644	49546	237		2541733
RS_GCF_900099915.1	GCF_900099915.1	178355	Flavobacterium omnivorum	2	976	117743	200644	49546	237		178355
RS_GCF_003968755.1	GCF_003968755.1	2497485	Flavobacterium sp. RSP15	2	976	117743	200644	49546	237		2497485
RS_GCF_004349195.1	GCF_004349195.1	2541724	Flavobacterium rhamnosiphilum	2	976	117743	200644	49546	237		2541724
RS_GCF_002754315.1	GCF_002754315.1	357523	Flavobacterium sp. 11	2	976	117743	200644	49546	237		357523
RS_GCF_003350545.1	GCF_003350545.1	386300	Flavobacterium glaciei	2	976	117743	200644	49546	237		386300
RS_GCF_000744835.1	GCF_000744835.1	1131812	Flavobacterium sp. 83	2	976	117743	200644	49546	237		1131812
RS_GCF_000812945.1	GCF_000812945.1	1423323	Flavobacterium sp. AED	2	976	117743	200644	49546	237		1423323
RS_GCF_007097285.1	GCF_007097285.1	2594432	Flavobacterium gawalongense	2	976	117743	200644	49546	237		2594432
RS_GCF_900108015.1	GCF_900108015.1	935224	Flavobacterium urumqiense	2	976	117743	200644	49546	237		935224
RS_GCF_900142885.1	GCF_900142885.1	178356	Flavobacterium xinjiangense	2	976	117743	200644	49546	237		178356
RS_GCF_003688495.1	GCF_003688495.1	271156	Flavobacterium weaverense	2	976	117743	200644	49546	237		271156
RS_GCF_900129575.1	GCF_900129575.1	271157	Flavobacterium segetis	2	976	117743	200644	49546	237		271157
RS_GCF_900129585.1	GCF_900129585.1	229205	Flavobacterium micromati	2	976	117743	200644	49546	237		229205
RS_GCF_002150205.1	GCF_002150205.1	1929267	Flavobacterium sp. FPG59	2	976	117743	200644	49546	237		1929267
RS_GCF_007830355.1	GCF_007830355.1	459471	Flavobacterium tiangeerense	2	976	117743	200644	49546	237		459471
RS_GCF_009764685.1	GCF_009764685.1	2590449	Flavobacterium sp. I-STPP5a	2	976	117743	200644	49546	237		2590449
RS_GCF_011365745.1	GCF_011365745.1	2764718	Flavobacterium turcicum	2	976	117743	200644	49546	237		2764718
RS_GCF_000425425.1	GCF_000425425.1	1121887	Flavobacterium daejeonense DSM 17708	2	976	117743	200644	49546	237		350893
RS_GCF_001404975.1	GCF_001404975.1	350893	Flavobacterium daejeonense	2	976	117743	200644	49546	237		350893
GB_GCA_002454195.1	GCA_002454195.1	1946556	Flavobacterium sp. UBA6721	2	976	117743	200644	49546	237		1946556
RS_GCF_900100165.1	GCF_900100165.1	551990	Flavobacterium glycines	2	976	117743	200644	49546	237		551990
GB_GCA_014639535.1	GCA_014639535.1	1476463	Flavobacterium palustre	2	976	117743	200644	49546	237		1476463
RS_GCF_001857965.1	GCF_001857965.1	1306519	Flavobacterium commune	2	976	117743	200644	49546	237		1306519
RS_GCF_004016525.1	GCF_004016525.1	1921138	Flavobacterium sufflavum	2	976	117743	200644	49546	237		1921138
RS_GCF_000695795.1	GCF_000695795.1	1492738	Flavobacterium seoulense	2	976	117743	200644	49546	237		1492738
RS_GCF_900142775.1	GCF_900142775.1	983	Flavobacterium flevense	2	976	117743	200644	49546	237		983
GB_GCA_002280815.1	GCA_002280815.1	1970508	Flavobacteriales bacterium 32-34-25	2	976	117743	200644				1970508
RS_GCF_009909155.2	GCF_009909155.2	1932779	Flavobacterium undicola	2	976	117743	200644	49546	237		1932779
RS_GCF_900129705.1	GCF_900129705.1	280093	Flavobacterium granuli	2	976	117743	200644	49546	237		280093
RS_GCF_000264055.1	GCF_000264055.1	1189620	Flavobacterium sp. ACAM 123	2	976	117743	200644	49546	237		1189620
RS_GCF_002836475.1	GCF_002836475.1	2058314	Flavobacterium sp. ALD4	2	976	117743	200644	49546	237		2058314
RS_GCF_004349145.1	GCF_004349145.1	2541734	Flavobacterium hiemivividum	2	976	117743	200644	49546	237		2541734
RS_GCF_000252125.1	GCF_000252125.1	1086011	Flavobacterium frigoris PS1	2	976	117743	200644	49546	237		229204
RS_GCF_900106645.1	GCF_900106645.1	229203	Flavobacterium degerlachei	2	976	117743	200644	49546	237		229203
RS_GCF_000425505.1	GCF_000425505.1	1121890	Flavobacterium frigidarium DSM 17623	2	976	117743	200644	49546	237		99286
RS_GCF_013294025.1	GCF_013294025.1	2735896	Flavobacterium sp. 14A	2	976	117743	200644	49546	237		2735896
RS_GCF_013294005.1	GCF_013294005.1	2735895	Flavobacterium sp. 28A	2	976	117743	200644	49546	237		2735895
RS_GCF_014305155.1	GCF_014305155.1	2764716	Flavobacterium muglaense	2	976	117743	200644	49546	237		2764716
RS_GCF_002813295.1	GCF_002813295.1	2035199	Flavobacterium sp. 5	2	976	117743	200644	49546	237		2035199
RS_GCF_003385115.1	GCF_003385115.1	1682742	Flavobacterium aquicola	2	976	117743	200644	49546	237		1682742
RS_GCF_002797935.1	GCF_002797935.1	2035200	Flavobacterium sp. 1	2	976	117743	200644	49546	237		2035200
RS_GCF_002001005.1	GCF_002001005.1	1945862	Flavobacterium sp. A45	2	976	117743	200644	49546	237		1945862
RS_GCF_001761465.1	GCF_001761465.1	1492737	Flavobacterium gilvum	2	976	117743	200644	49546	237		1492737
RS_GCF_013284035.1	GCF_013284035.1	2739062	Flavobacterium sp. M31R6	2	976	117743	200644	49546	237		2739062
RS_GCF_003097655.1	GCF_003097655.1	2169409	Flavobacterium laiguense	2	976	117743	200644	49546	237		2169409
RS_GCF_007097385.1	GCF_007097385.1	2594429	Flavobacterium sp. ZT3R18	2	976	117743	200644	49546	237		2594429
RS_GCF_007097245.1	GCF_007097245.1	2594428	Flavobacterium restrictum	2	976	117743	200644	49546	237		2594428
RS_GCF_001662485.1	GCF_001662485.1	29536	Flavobacterium succinicans	2	976	117743	200644	49546	237		29536
RS_GCF_000611675.1	GCF_000611675.1	1450525	Flavobacterium succinicans LMG 10402	2	976	117743	200644	49546	237		29536
GB_GCA_001800905.1	GCA_001800905.1	1798013	Flavobacteria bacterium GWA2_35_26	2	976	117743					1798013
GB_GCA_002382495.1	GCA_002382495.1	1946544	Flavobacterium sp. UBA4098	2	976	117743	200644	49546	237		1946544
RS_GCF_003634825.1	GCF_003634825.1	2135627	Flavobacterium sp. 123	2	976	117743	200644	49546	237		2135627
GB_GCA_003449615.1	GCA_003449615.1	239	Flavobacterium sp.	2	976	117743	200644	49546	237		239
GB_GCA_014379405.1	GCA_014379405.1	239	Flavobacterium sp.	2	976	117743	200644	49546	237		239
GB_GCA_013823965.1	GCA_013823965.1	239	Flavobacterium sp.	2	976	117743	200644	49546	237		239
GB_GCA_010365135.1	GCA_010365135.1	239	Flavobacterium sp.	2	976	117743	200644	49546	237		239
GB_GCA_012837155.1	GCA_012837155.1	239	Flavobacterium sp.	2	976	117743	200644	49546	237		239
GB_GCA_014378065.1	GCA_014378065.1	239	Flavobacterium sp.	2	976	117743	200644	49546	237		239
GB_GCA_004295795.1	GCA_004295795.1	239	Flavobacterium sp.	2	976	117743	200644	49546	237		239
GB_GCA_004211145.1	GCA_004211145.1	239	Flavobacterium sp.	2	976	117743	200644	49546	237		239
GB_GCA_005792865.1	GCA_005792865.1	239	Flavobacterium sp.	2	976	117743	200644	49546	237		239
GB_GCA_003525665.1	GCA_003525665.1	239	Flavobacterium sp.	2	976	117743	200644	49546	237		239
GB_GCA_014377455.1	GCA_014377455.1	239	Flavobacterium sp.	2	976	117743	200644	49546	237		239
GB_GCA_002715085.1	GCA_002715085.1	239	Flavobacterium sp.	2	976	117743	200644	49546	237		239
GB_GCA_012032075.1	GCA_012032075.1	239	Flavobacterium sp.	2	976	117743	200644	49546	237		239
GB_GCA_012270005.1	GCA_012270005.1	239	Flavobacterium sp.	2	976	117743	200644	49546	237		239
GB_GCA_002714575.1	GCA_002714575.1	239	Flavobacterium sp.	2	976	117743	200644	49546	237		239
RS_GCF_002920895.1	GCF_002920895.1	2080416	Flavobacterium alvei	2	976	117743	200644	49546	237		2080416
RS_GCF_900129545.1	GCF_900129545.1	468056	Flavobacterium fluvii	2	976	117743	200644	49546	237		468056
GB_GCA_903837025.1	GCA_903837025.1	152509	uncultured Bacteroidetes bacterium	2	976						152509
GB_GCA_903879875.1	GCA_903879875.1	152509	uncultured Bacteroidetes bacterium	2	976						152509
GB_GCA_903819815.1	GCA_903819815.1	152509	uncultured Bacteroidetes bacterium	2	976						152509
GB_GCA_903839195.1	GCA_903839195.1	152509	uncultured Bacteroidetes bacterium	2	976						152509
GB_GCA_903913315.1	GCA_903913315.1	152509	uncultured Bacteroidetes bacterium	2	976						152509
GB_GCA_903838055.1	GCA_903838055.1	152509	uncultured Bacteroidetes bacterium	2	976						152509
RS_GCF_004349355.1	GCF_004349355.1	2541731	Flavobacterium cellulosilyticum	2	976	117743	200644	49546	237		2541731
GB_GCA_000439025.2	GCA_000439025.2	938709	Bacteroidetes bacterium SCGC AAA027-N21	2	976						938709
RS_GCF_007109225.1	GCF_007109225.1	2594437	Flavobacterium sp. GT3R68	2	976	117743	200644	49546	237		2594437
RS_GCF_003097635.1	GCF_003097635.1	2169410	Flavobacterium psychrotolerans	2	976	117743	200644	49546	237		2169410
RS_GCF_008806775.1	GCF_008806775.1	2026654	Flavobacterium luteum	2	976	117743	200644	49546	237		2026654
RS_GCF_013401995.1	GCF_013401995.1	2743471	Flavobacterium agri	2	976	117743	200644	49546	237		2743471
GB_GCA_002483285.1	GCA_002483285.1	1946558	Flavobacterium sp. UBA7665	2	976	117743	200644	49546	237		1946558
RS_GCF_011392125.1	GCF_011392125.1	2709660	Flavobacterium lotistagni	2	976	117743	200644	49546	237		2709660
GB_GCA_002256285.1	GCA_002256285.1	2015557	Flavobacterium sp. BFFFF1	2	976	117743	200644	49546	237		2015557
RS_GCF_900100375.1	GCF_900100375.1	1128970	Flavobacterium noncentrifugens	2	976	117743	200644	49546	237		1128970
RS_GCF_002846575.1	GCF_002846575.1	428988	Flavobacterium lindanitolerans	2	976	117743	200644	49546	237		428988
RS_GCF_006385255.1	GCF_006385255.1	2596891	Flavobacterium microcysteis	2	976	117743	200644	49546	237		2596891
RS_GCF_003634455.1	GCF_003634455.1	1540163	Flavobacterium endophyticum	2	976	117743	200644	49546	237		1540163
RS_GCF_009915155.1	GCF_009915155.1	2698827	Flavobacterium ichthyis	2	976	117743	200644	49546	237		2698827
RS_GCF_003076475.1	GCF_003076475.1	1678728	Flavobacterium kingsejongi	2	976	117743	200644	49546	237		1678728
RS_GCF_000419685.1	GCF_000419685.1	1111730	Flavobacterium antarcticum DSM 19726	2	976	117743	200644	49546	237		271155
RS_GCF_000422705.1	GCF_000422705.1	1121897	Flavobacterium soli DSM 19725	2	976	117743	200644	49546	237		344881
RS_GCF_002204895.1	GCF_002204895.1	996	Flavobacterium columnare	2	976	117743	200644	49546	237		996
RS_GCF_900290975.1	GCF_900290975.1	996	Flavobacterium columnare	2	976	117743	200644	49546	237		996
RS_GCF_002530675.1	GCF_002530675.1	1218111	Flavobacterium columnare NBRC 100251 = ATCC 23463	2	976	117743	200644	49546	237		996
GB_GCA_002217245.1	GCA_002217245.1	1218111	Flavobacterium columnare NBRC 100251 = ATCC 23463	2	976	117743	200644	49546	237		996
RS_GCF_004959765.1	GCF_004959765.1	2529860	Flavobacterium sp. H122	2	976	117743	200644	49546	237		2529860
RS_GCF_900142035.1	GCF_900142035.1	415425	Flavobacterium terrae	2	976	117743	200644	49546	237		415425
RS_GCF_004122165.1	GCF_004122165.1	2506422	Flavobacterium amnicola	2	976	117743	200644	49546	237		2506422
RS_GCF_002217405.1	GCF_002217405.1	1121894	Flavobacterium psychrophilum DSM 3660 = ATCC 49418	2	976	117743	200644	49546	237		96345
RS_GCF_900111965.1	GCF_900111965.1	498292	Flavobacterium swingsii	2	976	117743	200644	49546	237		498292
RS_GCF_004745595.1	GCF_004745595.1	2562683	Flavobacterium humi	2	976	117743	200644	49546	237		2562683
GB_GCA_001464475.1	GCA_001464475.1	1752212	Flavobacteriaceae bacterium Ga0077528	2	976	117743	200644	49546			1752212
GB_GCA_013298525.1	GCA_013298525.1	2044941	Flavobacteriia bacterium	2	976	117743					2044941
GB_GCA_004293165.1	GCA_004293165.1	2044941	Flavobacteriia bacterium	2	976	117743					2044941
GB_GCA_004293045.1	GCA_004293045.1	2044941	Flavobacteriia bacterium	2	976	117743					2044941
RS_GCF_000757385.1	GCF_000757385.1	1453498	Flavobacterium aquatile LMG 4008 = ATCC 11947	2	976	117743	200644	49546	237		245
RS_GCF_003634615.1	GCF_003634615.1	2135623	Flavobacterium sp. 102	2	976	117743	200644	49546	237		2135623
RS_GCF_014486695.1	GCF_014486695.1	1648146	Flavobacterium buctense	2	976	117743	200644	49546	237		1648146
RS_GCF_011742145.1	GCF_011742145.1	2718534	Flavobacterium sp. J49	2	976	117743	200644	49546	237		2718534
RS_GCF_004329815.1	GCF_004329815.1	2529433	Flavobacterium silvisoli	2	976	117743	200644	49546	237		2529433
RS_GCF_010119235.1	GCF_010119235.1	2697515	Flavobacterium phycosphaerae	2	976	117743	200644	49546	237		2697515
RS_GCF_004797125.1	GCF_004797125.1	2518177	Flavobacterium sangjuense	2	976	117743	200644	49546	237		2518177
RS_GCF_012911605.1	GCF_012911605.1	1852019	Flavobacterium solisilvae	2	976	117743	200644	49546	237		1852019
RS_GCF_004122105.1	GCF_004122105.1	2506421	Flavobacterium stagni	2	976	117743	200644	49546	237		2506421
RS_GCF_900129405.1	GCF_900129405.1	1124188	Flavobacterium fontis	2	976	117743	200644	49546	237		1124188
RS_GCF_002917885.1	GCF_002917885.1	1121886	Flavobacterium croceum DSM 17960	2	976	117743	200644	49546	237		370975
RS_GCF_003268855.1	GCF_003268855.1	1101402	Flavobacterium aciduliphilum	2	976	117743	200644	49546	237		1101402
GB_GCA_014642275.1	GCA_014642275.1	1677894	Flavobacterium lutivivi	2	976	117743	200644	49546	237		1677894
GB_GCA_002352205.1	GCA_002352205.1	1946543	Flavobacterium sp. UBA2787	2	976	117743	200644	49546	237		1946543
RS_GCF_004122145.1	GCF_004122145.1	2506424	Flavobacterium piscinae	2	976	117743	200644	49546	237		2506424
RS_GCF_000425465.1	GCF_000425465.1	1121889	Flavobacterium filum DSM 17961	2	976	117743	200644	49546	237		370974
GB_GCA_002428305.1	GCA_002428305.1	1946553	Flavobacterium sp. UBA6135	2	976	117743	200644	49546	237		1946553
GB_GCA_014638005.1	GCA_014638005.1	1756020	Flavobacterium orientale	2	976	117743	200644	49546	237		1756020
RS_GCF_002251775.1	GCF_002251775.1	2023067	Flavobacterium aurantiibacter	2	976	117743	200644	49546	237		2023067
GB_GCA_002256385.1	GCA_002256385.1	2015558	Flavobacterium sp. BFFFF2	2	976	117743	200644	49546	237		2015558
GB_GCA_002482885.1	GCA_002482885.1	1951886	Flavobacteriaceae bacterium UBA7684	2	976	117743	200644	49546			1951886
RS_GCF_004363695.1	GCF_004363695.1	295428	Flavobacterium cheniae	2	976	117743	200644	49546	237		295428
GB_GCA_002483315.1	GCA_002483315.1	1946557	Flavobacterium sp. UBA7663	2	976	117743	200644	49546	237		1946557
RS_GCF_009495755.1	GCF_009495755.1	2654244	Flavobacterium sp. LMO8	2	976	117743	200644	49546	237		2654244
RS_GCF_000169355.1	GCF_000169355.1	391598	Flavobacteria bacterium BAL38	2	976	117743	200644				391598
RS_GCF_011392075.1	GCF_011392075.1	2709780	Flavobacterium celericrescens	2	976	117743	200644	49546	237		2709780
GB_GCA_002421645.1	GCA_002421645.1	1946555	Flavobacterium sp. UBA6203	2	976	117743	200644	49546	237		1946555
GB_GCA_002422095.1	GCA_002422095.1	1946554	Flavobacterium sp. UBA6195	2	976	117743	200644	49546	237		1946554
RS_GCF_900148835.1	GCF_900148835.1	416016	Flavobacterium cucumis	2	976	117743	200644	49546	237		416016
RS_GCF_003259835.1	GCF_003259835.1	1236486	Flavobacterium aquaticum	2	976	117743	200644	49546	237		1236486
RS_GCF_003293845.1	GCF_003293845.1	2233533	Flavobacterium tibetense	2	976	117743	200644	49546	237		2233533
RS_GCF_006491645.1	GCF_006491645.1	1774945	Flavobacterium profundi	2	976	117743	200644	49546	237		1774945
RS_GCF_004303025.1	GCF_004303025.1	2060419	Flavobacterium sp. J27	2	976	117743	200644	49546	237		2060419
RS_GCF_902506265.1	GCF_902506265.1	2653142	Flavobacterium sp. 9AF	2	976	117743	200644	49546	237		2653142
RS_GCF_000967805.1	GCF_000967805.1	1603293	Flavobacterium sp. 316	2	976	117743	200644	49546	237		1603293
RS_GCF_003148385.1	GCF_003148385.1	2201181	Flavobacterium sediminis	2	976	117743	200644	49546	237		2201181
GB_GCA_003246205.1	GCA_003246205.1	683124	Flavobacterium haoranii	2	976	117743	200644	49546	237		683124
RS_GCF_009363055.1	GCF_009363055.1	683124	Flavobacterium haoranii	2	976	117743	200644	49546	237		683124
RS_GCF_011305415.1	GCF_011305415.1	2813823	Flavobacterium bernardetii	2	976	117743	200644	49546	237		2813823
RS_GCF_900108955.1	GCF_900108955.1	402734	Flavobacterium terrigena	2	976	117743	200644	49546	237		402734
GB_GCA_001800945.1	GCA_001800945.1	1798015	Flavobacteria bacterium RIFCSPLOWO2_12_FULL_31_7	2	976	117743					1798015
RS_GCF_900110615.1	GCF_900110615.1	1299341	Flavobacterium urocaniciphilum	2	976	117743	200644	49546	237		1299341
RS_GCF_000455605.1	GCF_000455605.1	1094466	Flavobacterium indicum GPTSA100-9 = DSM 17447	2	976	117743	200644	49546	237		312277
RS_GCF_009826935.1	GCF_009826935.1	2692211	Flavobacterium sp. Sd200	2	976	117743	200644	49546	237		2692211
RS_GCF_000422725.1	GCF_000422725.1	1121898	Flavobacterium subsaxonicum WB 4.1-42 = DSM 21790	2	976	117743	200644	49546	237		426226
RS_GCF_001278115.1	GCF_001278115.1	1202724	Flavobacterium akiainvivens	2	976	117743	200644	49546	237		1202724
RS_GCF_003350375.1	GCF_003350375.1	2184000	Flavobacterium sp. AG291	2	976	117743	200644	49546	237		2184000
RS_GCF_012932585.1	GCF_012932585.1	2587019	Flavobacterium sp. SG815	2	976	117743	200644	49546	237		2587019
GB_GCA_003243255.1	GCA_003243255.1	96345	Flavobacterium psychrophilum	2	976	117743	200644	49546	237		96345
GB_GCA_001708385.1	GCA_001708385.1	96345	Flavobacterium psychrophilum	2	976	117743	200644	49546	237		96345
RS_GCF_004028155.1	GCF_004028155.1	2502784	Flavobacterium cerinum	2	976	117743	200644	49546	237		2502784
RS_GCF_003096035.1	GCF_003096035.1	2175091	Flavobacterium album	2	976	117743	200644	49546	237		2175091
RS_GCF_000769915.1	GCF_000769915.1	1406840	Flavobacterium beibuense F44-8	2	976	117743	200644	49546	237		657326
RS_GCF_009741375.1	GCF_009741375.1	1038845	Flavobacterium rakeshii	2	976	117743	200644	49546	237		1038845
RS_GCF_004151245.1	GCF_004151245.1	657326	Flavobacterium beibuense	2	976	117743	200644	49546	237		657326
RS_GCF_008000935.1	GCF_008000935.1	2602769	Flavobacterium alkalisoli	2	976	117743	200644	49546	237		2602769
RS_GCF_002251835.1	GCF_002251835.1	2022802	Flavobacterium cyanobacteriorum	2	976	117743	200644	49546	237		2022802
GB_GCA_001874325.1	GCA_001874325.1	1860086	Flavobacterium sp. MedPE-SWcel	2	976	117743	200644	49546	237		1860086
RS_GCF_003344925.1	GCF_003344925.1	1784713	Flavobacterium arcticum	2	976	117743	200644	49546	237		1784713
RS_GCF_004634195.1	GCF_004634195.1	2545633	Flavobacterium salilacus subsp. salilacus	2	976	117743	200644	49546	237		2898423
GB_GCA_014642915.1	GCA_014642915.1	1767027	Flavobacterium suaedae	2	976	117743	200644	49546	237		1767027
RS_GCF_900100625.1	GCF_900100625.1	329186	Flavobacterium saliperosum	2	976	117743	200644	49546	237		329186
RS_GCF_000498535.1	GCF_000498535.1	1341181	Flavobacterium limnosediminis JC2902	2	976	117743	200644	49546	237		1401027
RS_GCF_000498495.1	GCF_000498495.1	1107311	Flavobacterium enshiense DK69	2	976	117743	200644	49546	237		1341165
RS_GCF_000430025.1	GCF_000430025.1	1121899	Flavobacterium suncheonense GH29-5 = DSM 17707	2	976	117743	200644	49546	237		350894
RS_GCF_013389455.1	GCF_013389455.1	2748320	Flavobacterium inviolabile	2	976	117743	200644	49546	237		2748320
RS_GCF_000833025.1	GCF_000833025.1	480520	Myroides profundi	2	976	117743	200644	49546	76831		480520
RS_GCF_001485415.1	GCF_001485415.1	76832	Myroides odoratimimus	2	976	117743	200644	49546	76831		76832
RS_GCF_002286775.1	GCF_002286775.1	2030799	Myroides sp. N17-2	2	976	117743	200644	49546	76831		2030799
RS_GCF_009799805.1	GCF_009799805.1	702745	Myroides phaeus	2	976	117743	200644	49546	76831		702745
RS_GCF_900099675.1	GCF_900099675.1	702745	Myroides phaeus	2	976	117743	200644	49546	76831		702745
RS_GCF_009711055.1	GCF_009711055.1	270914	Myroides pelagicus	2	976	117743	200644	49546	76831		270914
RS_GCF_000246945.1	GCF_000246945.1	1008457	Myroides injenensis M09-0166	2	976	117743	200644	49546	76831		1183151
RS_GCF_009792295.1	GCF_009792295.1	2572594	Myroides fluvii	2	976	117743	200644	49546	76831		2572594
RS_GCF_014145635.1	GCF_014145635.1	2759944	Myroides sp. WP-1	2	976	117743	200644	49546	76831		2759944
RS_GCF_014145665.1	GCF_014145665.1	2759945	Myroides sp. NP-2	2	976	117743	200644	49546	76831		2759945
RS_GCF_004364575.1	GCF_004364575.1	1323422	Myroides indicus	2	976	117743	200644	49546	76831		1323422
RS_GCF_900114085.1	GCF_900114085.1	1150112	Myroides guanonis	2	976	117743	200644	49546	76831		1150112
RS_GCF_003858535.1	GCF_003858535.1	2488729	Flavobacterium viscosum	2	976	117743	200644	49546	237		2488729
RS_GCF_008629655.1	GCF_008629655.1	2608000	Flavobacterium baculatum	2	976	117743	200644	49546	237		2608000
RS_GCF_900115115.1	GCF_900115115.1	913024	Flavobacterium ummariense	2	976	117743	200644	49546	237		913024
RS_GCF_004151275.1	GCF_004151275.1	1563479	Flavobacterium dauae	2	976	117743	200644	49546	237		1563479
RS_GCF_900108395.1	GCF_900108395.1	1159016	Flavobacterium marinum	2	976	117743	200644	49546	237		1159016
RS_GCF_013874595.1	GCF_013874595.1	2654325	Flavobacterium sp. xlx-214	2	976	117743	200644	49546	237		2654325
GB_GCA_002360925.1	GCA_002360925.1	1951827	Flavobacteriaceae bacterium UBA3339	2	976	117743	200644	49546			1951827
RS_GCF_003865405.1	GCF_003865405.1	2488728	Flavobacterium tangerinum	2	976	117743	200644	49546	237		2488728
RS_GCF_013389595.1	GCF_013389595.1	2748319	Flavobacterium sp. I3-2	2	976	117743	200644	49546	237		2748319
RS_GCF_002807015.1	GCF_002807015.1	2008672	Avrilella dinanensis	2	976	117743	200644	49546	2774168		2008672
GB_GCA_002790195.1	GCA_002790195.1	1974005	Flavobacteriales bacterium CG_4_9_14_3_um_filter_40_17	2	976	117743	200644				1974005
GB_GCA_002841025.1	GCA_002841025.1	2013681	Bacteroidetes bacterium HGW-Bacteroidetes-13	2	976						2013681
RS_GCF_002943715.1	GCF_002943715.1	53483	Polaribacter filamentus	2	976	117743	200644	49546	52959		53483
RS_GCF_002954665.1	GCF_002954665.1	102	Polaribacter glomeratus	2	976	117743	200644	49546	52959		102
RS_GCF_900105145.1	GCF_900105145.1	1855336	Polaribacter sp. KT25b	2	976	117743	200644	49546	52959		1855336
GB_GCA_000981625.1	GCA_000981625.1	1622233	Flavobacteriaceae bacterium ASP10-09a	2	976	117743	200644	49546			1622233
RS_GCF_900106075.1	GCF_900106075.1	1336804	Polaribacter sp. Hel1_33_78	2	976	117743	200644	49546	52959		1336804
RS_GCF_000687935.1	GCF_000687935.1	1250006	Polaribacter sp. Hel_I_88	2	976	117743	200644	49546	52959		1250006
RS_GCF_001761365.1	GCF_001761365.1	1774273	Polaribacter vadi	2	976	117743	200644	49546	52959		1774273
RS_GCF_007997085.1	GCF_007997085.1	57032	Polaribacter sp. IC066	2	976	117743	200644	49546	52959		57032
GB_GCA_002814075.1	GCA_002814075.1	985043	Polaribacter sejongensis	2	976	117743	200644	49546	52959		985043
RS_GCF_001640115.1	GCF_001640115.1	1333662	Polaribacter atrinae	2	976	117743	200644	49546	52959		1333662
RS_GCF_002954605.1	GCF_002954605.1	218490	Polaribacter butkevichii	2	976	117743	200644	49546	52959		218490
RS_GCF_009796785.1	GCF_009796785.1	2686361	Polaribacter sp. L3A8	2	976	117743	200644	49546	52959		2686361
RS_GCF_002163675.1	GCF_002163675.1	1312072	Polaribacter sp. SA4-12	2	976	117743	200644	49546	52959		1312072
RS_GCF_000766795.1	GCF_000766795.1	1250005	Polaribacter sp. Hel1_85	2	976	117743	200644	49546	52959		1250005
RS_GCF_000153225.1	GCF_000153225.1	313594	Polaribacter irgensii 23-P	2	976	117743	200644	49546	52959		531
GB_GCA_003537695.1	GCA_003537695.1	1920175	Polaribacter sp.	2	976	117743	200644	49546	52959		1920175
RS_GCF_002831685.1	GCF_002831685.1	2058137	Polaribacter sp. ALD11	2	976	117743	200644	49546	52959		2058137
RS_GCF_007997075.1	GCF_007997075.1	2508540	Polaribacter sp. IC073	2	976	117743	200644	49546	52959		2508540
RS_GCF_002005425.1	GCF_002005425.1	1529069	Polaribacter sp. BM10	2	976	117743	200644	49546	52959		1529069
RS_GCF_002201235.1	GCF_002201235.1	1920034	Polaribacter tangerinus	2	976	117743	200644	49546	52959		1920034
RS_GCF_014352875.1	GCF_014352875.1	2738844	Polaribacter sp. L12M9	2	976	117743	200644	49546	52959		2738844
RS_GCF_005885675.1	GCF_005885675.1	2304626	Polaribacter aestuariivivens	2	976	117743	200644	49546	52959		2304626
RS_GCF_000152945.2	GCF_000152945.2	313598	Polaribacter sp. MED152	2	976	117743	200644	49546	52959		313598
RS_GCF_001280865.1	GCF_001280865.1	1300348	Polaribacter dokdonensis DSW-5	2	976	117743	200644	49546	52959		326329
RS_GCF_002954685.1	GCF_002954685.1	1137780	Polaribacter porphyrae	2	976	117743	200644	49546	52959		1137780
RS_GCF_003335085.1	GCF_003335085.1	2269061	Polaribacter sp. WD7	2	976	117743	200644	49546	52959		2269061
RS_GCF_009832745.1	GCF_009832745.1	2494657	Polaribacter sp. ANORD1	2	976	117743	200644	49546	52959		2494657
RS_GCF_003129485.1	GCF_003129485.1	2100726	Polaribacter aquimarinus	2	976	117743	200644	49546	52959		2100726
GB_GCA_001873065.1	GCA_001873065.1	1805159	Flavobacteriaceae bacterium CG2_30_31_66	2	976	117743	200644	49546			1805159
GB_GCA_002340765.1	GCA_002340765.1	1951811	Flavobacteriaceae bacterium UBA2540	2	976	117743	200644	49546			1951811
RS_GCF_002954645.1	GCF_002954645.1	574710	Polaribacter gangjinensis	2	976	117743	200644	49546	52959		574710
GB_GCA_002471825.1	GCA_002471825.1	1951874	Flavobacteriaceae bacterium UBA7302	2	976	117743	200644	49546			1951874
RS_GCF_007827455.1	GCF_007827455.1	1566289	Lutibacter sp. Hel_I_33_5	2	976	117743	200644	49546	358023		1566289
RS_GCF_001483385.1	GCF_001483385.1	669041	Tenacibaculum dicentrarchi	2	976	117743	200644	49546	104267		669041
RS_GCF_900239345.1	GCF_900239345.1	669041	Tenacibaculum dicentrarchi	2	976	117743	200644	49546	104267		669041
RS_GCF_900239185.1	GCF_900239185.1	2781243	Tenacibaculum finnmarkense	2	976	117743	200644	49546	104267		2781243
RS_GCF_000430545.1	GCF_000430545.1	1123347	Tenacibaculum ovolyticum DSM 18103	2	976	117743	200644	49546	104267		104270
RS_GCF_002836595.1	GCF_002836595.1	2058306	Tenacibaculum sp. Bg11-29	2	976	117743	200644	49546	104267		2058306
RS_GCF_014062345.1	GCF_014062345.1	2759527	Tenacibaculum pelagium	2	976	117743	200644	49546	104267		2759527
RS_GCF_008806755.1	GCF_008806755.1	426481	Tenacibaculum aiptasiae	2	976	117743	200644	49546	104267		426481
RS_GCF_003867075.1	GCF_003867075.1	104268	Tenacibaculum mesophilum	2	976	117743	200644	49546	104267		104268
RS_GCF_003937815.1	GCF_003937815.1	321269	Tenacibaculum litoreum	2	976	117743	200644	49546	104267		321269
RS_GCF_003664185.1	GCF_003664185.1	361581	Tenacibaculum discolor	2	976	117743	200644	49546	104267		361581
RS_GCF_003610735.1	GCF_003610735.1	285258	Tenacibaculum lutimaris	2	976	117743	200644	49546	104267		285258
RS_GCF_004363005.1	GCF_004363005.1	1325435	Tenacibaculum caenipelagi	2	976	117743	200644	49546	104267		1325435
RS_GCF_002954385.1	GCF_002954385.1	754426	Tenacibaculum sp. SG-28	2	976	117743	200644	49546	104267		754426
RS_GCF_900105455.1	GCF_900105455.1	1250059	Tenacibaculum sp. MAR_2009_124	2	976	117743	200644	49546	104267		1250059
RS_GCF_900105985.1	GCF_900105985.1	1250198	Tenacibaculum sp. MAR_2010_89	2	976	117743	200644	49546	104267		1250198
RS_GCF_001936575.1	GCF_001936575.1	1908389	Tenacibaculum agarivorans	2	976	117743	200644	49546	104267		1908389
RS_GCF_900198195.1	GCF_900198195.1	584609	Tenacibaculum jejuense	2	976	117743	200644	49546	104267		584609
